partselect_number,model_number,brand,description,model_url
PS12364199,CRSE263TB0,Frigidaire,Refrigerator,https://www.partselect.com/Models/CRSE263TB0/
PS12364199,CRSE263TD0,Frigidaire,Refrigerator,https://www.partselect.com/Models/CRSE263TD0/
PS12364199,CRSE263TS0,Frigidaire,Refrigerator,https://www.partselect.com/Models/CRSE263TS0/
PS12364199,CRSE263TW0,Frigidaire,Refrigerator,https://www.partselect.com/Models/CRSE263TW0/
PS12364199,DGHX2655TF0,Frigidaire,Refrigerator,https://www.partselect.com/Models/DGHX2655TF0/
PS12364199,DGHX2655TF5,Frigidaire,Refrigerator,https://www.partselect.com/Models/DGHX2655TF5/
PS12364199,DGHX2655TF6,Frigidaire,Refrigerator,https://www.partselect.com/Models/DGHX2655TF6/
PS12364199,DGHX2655TF8,Frigidaire,Refrigerator,https://www.partselect.com/Models/DGHX2655TF8/
PS12364199,DGHX2655TF9,Frigidaire,Refrigerator,https://www.partselect.com/Models/DGHX2655TF9/
PS12364199,DGHX2655TFA,Frigidaire,Refrigerator,https://www.partselect.com/Models/DGHX2655TFA/
PS12364199,DGHX2655TFB,Frigidaire,Refrigerator,https://www.partselect.com/Models/DGHX2655TFB/
PS12364199,DGHX2655TFC,Frigidaire,Refrigerator,https://www.partselect.com/Models/DGHX2655TFC/
PS12364199,FFSS2615TD0,Frigidaire,Refrigerator,https://www.partselect.com/Models/FFSS2615TD0/
PS12364199,FFSS2615TD1,Frigidaire,Refrigerator,https://www.partselect.com/Models/FFSS2615TD1/
PS12364199,FFSS2615TD2,Frigidaire,Refrigerator,https://www.partselect.com/Models/FFSS2615TD2/
PS12364199,FFSS2615TD3,Frigidaire,Refrigerator,https://www.partselect.com/Models/FFSS2615TD3/
PS12364199,FFSS2615TD4,Frigidaire,Refrigerator - Side-By-Side Refrigerator,https://www.partselect.com/Models/FFSS2615TD4/
PS12364199,FFSS2615TE0,Frigidaire,Refrigerator,https://www.partselect.com/Models/FFSS2615TE0/
PS12364199,FFSS2615TE1,Frigidaire,Refrigerator,https://www.partselect.com/Models/FFSS2615TE1/
PS12364199,FFSS2615TE2,Frigidaire,Refrigerator,https://www.partselect.com/Models/FFSS2615TE2/
PS12364199,FFSS2615TE3,Frigidaire,Refrigerator,https://www.partselect.com/Models/FFSS2615TE3/
PS12364199,FFSS2615TE4,Frigidaire,Refrigerator - Side-By-Side Refrigerator,https://www.partselect.com/Models/FFSS2615TE4/
PS12364199,FFSS2615TP0,Frigidaire,Refrigerator,https://www.partselect.com/Models/FFSS2615TP0/
PS12364199,FFSS2615TP1,Frigidaire,Refrigerator,https://www.partselect.com/Models/FFSS2615TP1/
PS12364199,FFSS2615TP2,Frigidaire,Refrigerator - FFSS2615TP FREESTANDING SIDE BY SIDE STD,https://www.partselect.com/Models/FFSS2615TP2/
PS12364199,FFSS2615TP3,Frigidaire,Refrigerator,https://www.partselect.com/Models/FFSS2615TP3/
PS12364199,FFSS2615TP4,Frigidaire,Refrigerator - Side-By-Side Refrigerator,https://www.partselect.com/Models/FFSS2615TP4/
PS12364199,FFSS2615TS0,Frigidaire,Refrigerator,https://www.partselect.com/Models/FFSS2615TS0/
PS12364199,FFSS2615TS1,Frigidaire,Refrigerator,https://www.partselect.com/Models/FFSS2615TS1/
PS12364199,FFSS2615TS2,Frigidaire,Refrigerator - FFSS2615TS FREESTANDING SIDE BY SIDE STD,https://www.partselect.com/Models/FFSS2615TS2/
PS11752778,10640262010,Kenmore,Refrigerator,https://www.partselect.com/Models/10640262010/
PS11752778,10640263010,Kenmore,Refrigerator,https://www.partselect.com/Models/10640263010/
PS11752778,10640263011,Kenmore,Refrigerator - REFRIGERATOR,https://www.partselect.com/Models/10640263011/
PS11752778,10640269010,Kenmore,Refrigerator,https://www.partselect.com/Models/10640269010/
PS11752778,10640562010,Kenmore,Refrigerator,https://www.partselect.com/Models/10640562010/
PS11752778,10640563010,Kenmore,Refrigerator,https://www.partselect.com/Models/10640563010/
PS11752778,10640563011,Kenmore,Refrigerator,https://www.partselect.com/Models/10640563011/
PS11752778,10640569010,Kenmore,Refrigerator,https://www.partselect.com/Models/10640569010/
PS11752778,10640569011,Kenmore,Refrigerator,https://www.partselect.com/Models/10640569011/
PS11752778,10641262800,Kenmore,Refrigerator,https://www.partselect.com/Models/10641262800/
PS11752778,10641262801,Kenmore,Refrigerator,https://www.partselect.com/Models/10641262801/
PS11752778,10641263800,Kenmore,Refrigerator,https://www.partselect.com/Models/10641263800/
PS11752778,10641263801,Kenmore,Refrigerator,https://www.partselect.com/Models/10641263801/
PS11752778,10641263802,Kenmore,Refrigerator,https://www.partselect.com/Models/10641263802/
PS11752778,10641263804,Kenmore,Refrigerator - REFRIGERATOR,https://www.partselect.com/Models/10641263804/
PS11752778,10641264800,Kenmore,Refrigerator,https://www.partselect.com/Models/10641264800/
PS11752778,10641264801,Kenmore,Refrigerator,https://www.partselect.com/Models/10641264801/
PS11752778,10641269800,Kenmore,Refrigerator,https://www.partselect.com/Models/10641269800/
PS11752778,10641269801,Kenmore,Refrigerator,https://www.partselect.com/Models/10641269801/
PS11752778,10641562800,Kenmore,Refrigerator,https://www.partselect.com/Models/10641562800/
PS11752778,10641562801,Kenmore,Refrigerator,https://www.partselect.com/Models/10641562801/
PS11752778,10641562802,Kenmore,Refrigerator,https://www.partselect.com/Models/10641562802/
PS11752778,10641563800,Kenmore,Refrigerator,https://www.partselect.com/Models/10641563800/
PS11752778,10641563801,Kenmore,Refrigerator,https://www.partselect.com/Models/10641563801/
PS11752778,10641563802,Kenmore,Refrigerator,https://www.partselect.com/Models/10641563802/
PS11752778,10641563803,Kenmore,Refrigerator,https://www.partselect.com/Models/10641563803/
PS11752778,10641563805,Kenmore,Refrigerator - REFRIGERATOR,https://www.partselect.com/Models/10641563805/
PS11752778,10641564800,Kenmore,Refrigerator,https://www.partselect.com/Models/10641564800/
PS11752778,10641564801,Kenmore,Refrigerator,https://www.partselect.com/Models/10641564801/
PS11752778,10641564802,Kenmore,Refrigerator,https://www.partselect.com/Models/10641564802/
PS11701542,10650022210,Kenmore,Refrigerator - REFRIGERATOR,https://www.partselect.com/Models/10650022210/
PS11701542,10650022211,Kenmore,Refrigerator - REFRIGERATOR,https://www.partselect.com/Models/10650022211/
PS11701542,10650023210,Kenmore,Refrigerator - REFRIGERATOR,https://www.partselect.com/Models/10650023210/
PS11701542,10650023211,Kenmore,Refrigerator - REFRIGERATOR,https://www.partselect.com/Models/10650023211/
PS11701542,10650029210,Kenmore,Refrigerator - REFRIGERATOR,https://www.partselect.com/Models/10650029210/
PS11701542,10650029211,Kenmore,Refrigerator - REFRIGERATOR,https://www.partselect.com/Models/10650029211/
PS11701542,10650029213,Kenmore,Refrigerator - REFRIGERATOR,https://www.partselect.com/Models/10650029213/
PS11701542,10651122211,Kenmore,Refrigerator - REFRIGERATOR,https://www.partselect.com/Models/10651122211/
PS11701542,10651123211,Kenmore,Refrigerator - REFRIGERATOR,https://www.partselect.com/Models/10651123211/
PS11701542,10651124211,Kenmore,Refrigerator - REFRIGERATOR,https://www.partselect.com/Models/10651124211/
PS11701542,10651129211,Kenmore,Refrigerator - REFRIGERATOR,https://www.partselect.com/Models/10651129211/
PS11701542,10651129212,Kenmore,Refrigerator - REFRIGERATOR,https://www.partselect.com/Models/10651129212/
PS11701542,10651132210,Kenmore,Refrigerator - REFRIGERATOR,https://www.partselect.com/Models/10651132210/
PS11701542,10651132213,Kenmore,Refrigerator - REFRIGERATOR,https://www.partselect.com/Models/10651132213/
PS11701542,10651133210,Kenmore,Refrigerator - REFRIGERATOR,https://www.partselect.com/Models/10651133210/
PS11701542,10651133213,Kenmore,Refrigerator - REFRIGERATOR,https://www.partselect.com/Models/10651133213/
PS11701542,10651134210,Kenmore,Refrigerator - REFRIGERATOR,https://www.partselect.com/Models/10651134210/
PS11701542,10651134213,Kenmore,Refrigerator - REFRIGERATOR,https://www.partselect.com/Models/10651134213/
PS11701542,10651135610,Kenmore,Refrigerator - REFRIGERATOR,https://www.partselect.com/Models/10651135610/
PS11701542,10651136210,Kenmore,Refrigerator - REFRIGERATOR,https://www.partselect.com/Models/10651136210/
PS11701542,10651139210,Kenmore,Refrigerator - REFRIGERATOR,https://www.partselect.com/Models/10651139210/
PS11701542,10651139213,Kenmore,Refrigerator - REFRIGERATOR,https://www.partselect.com/Models/10651139213/
PS11701542,10651139214,Kenmore,Refrigerator - REFRIGERATOR,https://www.partselect.com/Models/10651139214/
PS11701542,10651142111,Kenmore,"Refrigerator - Kenmore Refrigerator Model 106.51142111 (10651142111, 106 51142111) Parts",https://www.partselect.com/Models/10651142111/
PS11701542,10651143111,Kenmore,"Refrigerator - Kenmore Refrigerator Model 106.51143111 (10651143111, 106 51143111) Parts",https://www.partselect.com/Models/10651143111/
PS11701542,10651149111,Kenmore,"Refrigerator - Kenmore Refrigerator Model 106.51149111 (10651149111, 106 51149111) Parts",https://www.partselect.com/Models/10651149111/
PS11701542,10651149112,Kenmore,"Refrigerator - Kenmore Refrigerator Model 106.51149112 (10651149112, 106 51149112) Parts",https://www.partselect.com/Models/10651149112/
PS11701542,10651152112,Kenmore,"Refrigerator - Kenmore Refrigerator Model 106.51152112 (10651152112, 106 51152112) Parts",https://www.partselect.com/Models/10651152112/
PS11701542,10651182112,Kenmore,"Refrigerator - Kenmore Refrigerator Model 106.51182112 (10651182112, 106 51182112) Parts",https://www.partselect.com/Models/10651182112/
PS11701542,10651183112,Kenmore,"Refrigerator - Kenmore Refrigerator Model 106.51183112 (10651183112, 106 51183112) Parts",https://www.partselect.com/Models/10651183112/
PS734935,25331113300,Kenmore,Refrigerator,https://www.partselect.com/Models/25331113300/
PS734935,25331113302,Kenmore,Refrigerator,https://www.partselect.com/Models/25331113302/
PS734935,2533111330A,Kenmore,Refrigerator,https://www.partselect.com/Models/2533111330A/
PS734935,2533111330C,Kenmore,Refrigerator,https://www.partselect.com/Models/2533111330C/
PS734935,2533111330D,Kenmore,Refrigerator,https://www.partselect.com/Models/2533111330D/
PS734935,2533111330F,Kenmore,Refrigerator,https://www.partselect.com/Models/2533111330F/
PS734935,2533111330H,Kenmore,Refrigerator,https://www.partselect.com/Models/2533111330H/
PS734935,2533111330K,Kenmore,Refrigerator,https://www.partselect.com/Models/2533111330K/
PS734935,2533111330L,Kenmore,Refrigerator,https://www.partselect.com/Models/2533111330L/
PS734935,25331115300,Kenmore,Refrigerator,https://www.partselect.com/Models/25331115300/
PS734935,25331115302,Kenmore,Refrigerator,https://www.partselect.com/Models/25331115302/
PS734935,25331115308,Kenmore,Refrigerator,https://www.partselect.com/Models/25331115308/
PS734935,2533111530F,Kenmore,Refrigerator,https://www.partselect.com/Models/2533111530F/
PS734935,2533111530H,Kenmore,Refrigerator,https://www.partselect.com/Models/2533111530H/
PS734935,2533111530K,Kenmore,Refrigerator,https://www.partselect.com/Models/2533111530K/
PS734935,2533111530L,Kenmore,Refrigerator,https://www.partselect.com/Models/2533111530L/
PS734935,25331123300,Kenmore,Refrigerator,https://www.partselect.com/Models/25331123300/
PS734935,25331125300,Kenmore,Refrigerator,https://www.partselect.com/Models/25331125300/
PS734935,25331133300,Kenmore,Refrigerator,https://www.partselect.com/Models/25331133300/
PS734935,25331133303,Kenmore,Refrigerator,https://www.partselect.com/Models/25331133303/
PS734935,25331133306,Kenmore,Refrigerator,https://www.partselect.com/Models/25331133306/
PS734935,25331135300,Kenmore,Refrigerator,https://www.partselect.com/Models/25331135300/
PS734935,25331135303,Kenmore,Refrigerator,https://www.partselect.com/Models/25331135303/
PS734935,25331810300,Kenmore,Refrigerator,https://www.partselect.com/Models/25331810300/
PS734935,25331812300,Kenmore,Refrigerator,https://www.partselect.com/Models/25331812300/
PS734935,25331814300,Kenmore,Refrigerator,https://www.partselect.com/Models/25331814300/
PS734935,25331817300,Kenmore,Refrigerator,https://www.partselect.com/Models/25331817300/
PS734935,25331840106,Kenmore,Refrigerator,https://www.partselect.com/Models/25331840106/
PS734935,25331840108,Kenmore,Refrigerator,https://www.partselect.com/Models/25331840108/
PS734935,2533184010A,Kenmore,Refrigerator,https://www.partselect.com/Models/2533184010A/
PS734936,25331113300,Kenmore,Refrigerator,https://www.partselect.com/Models/25331113300/
PS734936,25331113302,Kenmore,Refrigerator,https://www.partselect.com/Models/25331113302/
PS734936,25331113304,Kenmore,Refrigerator,https://www.partselect.com/Models/25331113304/
PS734936,25331113308,Kenmore,Refrigerator,https://www.partselect.com/Models/25331113308/
PS734936,2533111330A,Kenmore,Refrigerator,https://www.partselect.com/Models/2533111330A/
PS734936,2533111330B,Kenmore,Refrigerator,https://www.partselect.com/Models/2533111330B/
PS734936,2533111330C,Kenmore,Refrigerator,https://www.partselect.com/Models/2533111330C/
PS734936,2533111330D,Kenmore,Refrigerator,https://www.partselect.com/Models/2533111330D/
PS734936,2533111330E,Kenmore,Refrigerator,https://www.partselect.com/Models/2533111330E/
PS734936,2533111330F,Kenmore,Refrigerator,https://www.partselect.com/Models/2533111330F/
PS734936,2533111330G,Kenmore,Refrigerator,https://www.partselect.com/Models/2533111330G/
PS734936,2533111330H,Kenmore,Refrigerator,https://www.partselect.com/Models/2533111330H/
PS734936,2533111330J,Kenmore,Refrigerator,https://www.partselect.com/Models/2533111330J/
PS734936,2533111330K,Kenmore,Refrigerator,https://www.partselect.com/Models/2533111330K/
PS734936,2533111330L,Kenmore,Refrigerator,https://www.partselect.com/Models/2533111330L/
PS734936,25331115300,Kenmore,Refrigerator,https://www.partselect.com/Models/25331115300/
PS734936,25331115302,Kenmore,Refrigerator,https://www.partselect.com/Models/25331115302/
PS734936,25331115304,Kenmore,Refrigerator,https://www.partselect.com/Models/25331115304/
PS734936,25331115308,Kenmore,Refrigerator,https://www.partselect.com/Models/25331115308/
PS734936,2533111530A,Kenmore,Refrigerator,https://www.partselect.com/Models/2533111530A/
PS734936,2533111530B,Kenmore,Refrigerator,https://www.partselect.com/Models/2533111530B/
PS734936,2533111530C,Kenmore,Refrigerator,https://www.partselect.com/Models/2533111530C/
PS734936,2533111530D,Kenmore,Refrigerator,https://www.partselect.com/Models/2533111530D/
PS734936,2533111530E,Kenmore,Refrigerator,https://www.partselect.com/Models/2533111530E/
PS734936,2533111530F,Kenmore,Refrigerator,https://www.partselect.com/Models/2533111530F/
PS734936,2533111530G,Kenmore,Refrigerator,https://www.partselect.com/Models/2533111530G/
PS734936,2533111530H,Kenmore,Refrigerator,https://www.partselect.com/Models/2533111530H/
PS734936,2533111530J,Kenmore,Refrigerator,https://www.partselect.com/Models/2533111530J/
PS734936,2533111530K,Kenmore,Refrigerator,https://www.partselect.com/Models/2533111530K/
PS734936,2533111530L,Kenmore,Refrigerator,https://www.partselect.com/Models/2533111530L/
PS11739119,10640262010,Kenmore,Refrigerator,https://www.partselect.com/Models/10640262010/
PS11739119,10640263010,Kenmore,Refrigerator,https://www.partselect.com/Models/10640263010/
PS11739119,10640263011,Kenmore,Refrigerator - REFRIGERATOR,https://www.partselect.com/Models/10640263011/
PS11739119,10640269010,Kenmore,Refrigerator,https://www.partselect.com/Models/10640269010/
PS11739119,10640562010,Kenmore,Refrigerator,https://www.partselect.com/Models/10640562010/
PS11739119,10640563010,Kenmore,Refrigerator,https://www.partselect.com/Models/10640563010/
PS11739119,10640563011,Kenmore,Refrigerator,https://www.partselect.com/Models/10640563011/
PS11739119,10640569010,Kenmore,Refrigerator,https://www.partselect.com/Models/10640569010/
PS11739119,10640569011,Kenmore,Refrigerator,https://www.partselect.com/Models/10640569011/
PS11739119,10641152210,Kenmore,Refrigerator - REFRIGERATOR,https://www.partselect.com/Models/10641152210/
PS11739119,10641152211,Kenmore,Refrigerator - REFRIGERATOR,https://www.partselect.com/Models/10641152211/
PS11739119,10641153210,Kenmore,Refrigerator - REFRIGERATOR,https://www.partselect.com/Models/10641153210/
PS11739119,10641153211,Kenmore,Refrigerator - REFRIGERATOR,https://www.partselect.com/Models/10641153211/
PS11739119,10641154210,Kenmore,Refrigerator - REFRIGERATOR,https://www.partselect.com/Models/10641154210/
PS11739119,10641159210,Kenmore,Refrigerator - REFRIGERATOR,https://www.partselect.com/Models/10641159210/
PS11739119,10641159211,Kenmore,Refrigerator - REFRIGERATOR,https://www.partselect.com/Models/10641159211/
PS11739119,10641159212,Kenmore,Refrigerator - REFRIGERATOR,https://www.partselect.com/Models/10641159212/
PS11739119,10641262800,Kenmore,Refrigerator,https://www.partselect.com/Models/10641262800/
PS11739119,10641262801,Kenmore,Refrigerator,https://www.partselect.com/Models/10641262801/
PS11739119,10641263800,Kenmore,Refrigerator,https://www.partselect.com/Models/10641263800/
PS11739119,10641263801,Kenmore,Refrigerator,https://www.partselect.com/Models/10641263801/
PS11739119,10641263802,Kenmore,Refrigerator,https://www.partselect.com/Models/10641263802/
PS11739119,10641263804,Kenmore,Refrigerator - REFRIGERATOR,https://www.partselect.com/Models/10641263804/
PS11739119,10641264800,Kenmore,Refrigerator,https://www.partselect.com/Models/10641264800/
PS11739119,10641264801,Kenmore,Refrigerator,https://www.partselect.com/Models/10641264801/
PS11739119,10641269800,Kenmore,Refrigerator,https://www.partselect.com/Models/10641269800/
PS11739119,10641269801,Kenmore,Refrigerator,https://www.partselect.com/Models/10641269801/
PS11739119,10641512100,Kenmore,Refrigerator,https://www.partselect.com/Models/10641512100/
PS11739119,10641512101,Kenmore,Refrigerator,https://www.partselect.com/Models/10641512101/
PS11739119,10641514100,Kenmore,Refrigerator,https://www.partselect.com/Models/10641514100/
PS429868,25360112410,Kenmore,Refrigerator - REFRIGERATOR,https://www.partselect.com/Models/25360112410/
PS429868,25360113410,Kenmore,Refrigerator - REFRIGERATOR,https://www.partselect.com/Models/25360113410/
PS429868,25360113411,Kenmore,Refrigerator - REFRIGERATOR,https://www.partselect.com/Models/25360113411/
PS429868,25360119410,Kenmore,Refrigerator - REFRIGERATOR,https://www.partselect.com/Models/25360119410/
PS429868,25360602410,Kenmore,Refrigerator - REFRIGERATOR,https://www.partselect.com/Models/25360602410/
PS429868,25360602411,Kenmore,Refrigerator - REFRIGERATOR,https://www.partselect.com/Models/25360602411/
PS429868,25360602412,Kenmore,Refrigerator - REFRIGERATOR,https://www.partselect.com/Models/25360602412/
PS429868,25360602413,Kenmore,Refrigerator - REFRIGERATOR,https://www.partselect.com/Models/25360602413/
PS429868,25360602414,Kenmore,Refrigerator - REFRIGERATOR,https://www.partselect.com/Models/25360602414/
PS429868,25360602415,Kenmore,Refrigerator - REFRIGERATOR,https://www.partselect.com/Models/25360602415/
PS429868,25360602416,Kenmore,Refrigerator - REFRIGERATOR,https://www.partselect.com/Models/25360602416/
PS429868,25360603410,Kenmore,Refrigerator - REFRIGERATOR,https://www.partselect.com/Models/25360603410/
PS429868,25360603411,Kenmore,Refrigerator - REFRIGERATOR,https://www.partselect.com/Models/25360603411/
PS429868,25360603412,Kenmore,Refrigerator - REFRIGERATOR,https://www.partselect.com/Models/25360603412/
PS429868,25360603413,Kenmore,Refrigerator - REFRIGERATOR,https://www.partselect.com/Models/25360603413/
PS429868,25360603414,Kenmore,Refrigerator - REFRIGERATOR,https://www.partselect.com/Models/25360603414/
PS429868,25360603415,Kenmore,Refrigerator - REFRIGERATOR,https://www.partselect.com/Models/25360603415/
PS429868,25360603416,Kenmore,Refrigerator - REFRIGERATOR,https://www.partselect.com/Models/25360603416/
PS429868,25360604410,Kenmore,Refrigerator - REFRIGERATOR,https://www.partselect.com/Models/25360604410/
PS429868,25360604411,Kenmore,Refrigerator - REFRIGERATOR,https://www.partselect.com/Models/25360604411/
PS429868,25360604412,Kenmore,Refrigerator - REFRIGERATOR,https://www.partselect.com/Models/25360604412/
PS429868,25360604413,Kenmore,Refrigerator - REFRIGERATOR,https://www.partselect.com/Models/25360604413/
PS429868,25360604414,Kenmore,Refrigerator - REFRIGERATOR,https://www.partselect.com/Models/25360604414/
PS429868,25360604415,Kenmore,Refrigerator - REFRIGERATOR,https://www.partselect.com/Models/25360604415/
PS429868,25360604416,Kenmore,Refrigerator - REFRIGERATOR,https://www.partselect.com/Models/25360604416/
PS429868,25360609410,Kenmore,Refrigerator - REFRIGERATOR,https://www.partselect.com/Models/25360609410/
PS429868,25360609411,Kenmore,Refrigerator - REFRIGERATOR,https://www.partselect.com/Models/25360609411/
PS429868,25360609412,Kenmore,Refrigerator - REFRIGERATOR,https://www.partselect.com/Models/25360609412/
PS429868,25360609413,Kenmore,Refrigerator - REFRIGERATOR,https://www.partselect.com/Models/25360609413/
PS429868,25360609414,Kenmore,Refrigerator - REFRIGERATOR,https://www.partselect.com/Models/25360609414/
PS429868,25360609415,Kenmore,Refrigerator - REFRIGERATOR,https://www.partselect.com/Models/25360609415/
PS429868,25360609416,Kenmore,Refrigerator - REFRIGERATOR,https://www.partselect.com/Models/25360609416/
PS429868,25360642610,Kenmore,Refrigerator - REFRIGERATOR,https://www.partselect.com/Models/25360642610/
PS429868,25360642611,Kenmore,Refrigerator - REFRIGERATOR,https://www.partselect.com/Models/25360642611/
PS429868,25360642612,Kenmore,Refrigerator - REFRIGERATOR,https://www.partselect.com/Models/25360642612/
PS429868,25360642613,Kenmore,Refrigerator - Kenmore Refrigerator 25360642613,https://www.partselect.com/Models/25360642613/
PS429868,25360643610,Kenmore,Refrigerator - REFRIGERATOR,https://www.partselect.com/Models/25360643610/
PS429868,25360643611,Kenmore,Refrigerator - REFRIGERATOR,https://www.partselect.com/Models/25360643611/
PS429868,25360643612,Kenmore,Refrigerator - REFRIGERATOR,https://www.partselect.com/Models/25360643612/
PS429868,25360643613,Kenmore,Refrigerator - Kenmore 25360643613 Refrigerator,https://www.partselect.com/Models/25360643613/
PS429868,25360649610,Kenmore,Refrigerator - REFRIGERATOR,https://www.partselect.com/Models/25360649610/
PS429868,25360649611,Kenmore,Refrigerator - REFRIGERATOR,https://www.partselect.com/Models/25360649611/
PS429868,25360649612,Kenmore,Refrigerator - REFRIGERATOR,https://www.partselect.com/Models/25360649612/
PS429868,25360649613,Kenmore,Refrigerator - Top-Mount Refrigerator,https://www.partselect.com/Models/25360649613/
PS429868,25360812710,Kenmore,Refrigerator - Top-Mount Refrigerator,https://www.partselect.com/Models/25360812710/
PS429868,25360813710,Kenmore,Refrigerator - Top-Mount Refrigerator,https://www.partselect.com/Models/25360813710/
PS429868,25360819710,Kenmore,Refrigerator - Top-Mount Refrigerator,https://www.partselect.com/Models/25360819710/
PS429868,25361822100,Kenmore,Refrigerator,https://www.partselect.com/Models/25361822100/
PS429868,25361822102,Kenmore,Refrigerator,https://www.partselect.com/Models/25361822102/
PS429868,25361822104,Kenmore,Refrigerator,https://www.partselect.com/Models/25361822104/
PS429868,25361822106,Kenmore,Refrigerator,https://www.partselect.com/Models/25361822106/
PS429868,25361832100,Kenmore,Refrigerator,https://www.partselect.com/Models/25361832100/
PS429868,25361832102,Kenmore,Refrigerator,https://www.partselect.com/Models/25361832102/
PS429868,25361832104,Kenmore,Refrigerator,https://www.partselect.com/Models/25361832104/
PS429868,25361832106,Kenmore,Refrigerator,https://www.partselect.com/Models/25361832106/
PS429868,25362872201,Kenmore,Refrigerator,https://www.partselect.com/Models/25362872201/
PS429868,25362872203,Kenmore,Refrigerator,https://www.partselect.com/Models/25362872203/
PS429868,25362874201,Kenmore,Refrigerator,https://www.partselect.com/Models/25362874201/
PS429868,25362874203,Kenmore,Refrigerator,https://www.partselect.com/Models/25362874203/
PS429868,25362879201,Kenmore,Refrigerator,https://www.partselect.com/Models/25362879201/
PS429868,25362879203,Kenmore,Refrigerator,https://www.partselect.com/Models/25362879203/
PS429868,25363752300,Kenmore,Refrigerator,https://www.partselect.com/Models/25363752300/
PS429868,25363752302,Kenmore,Refrigerator,https://www.partselect.com/Models/25363752302/
PS429868,25363752304,Kenmore,Refrigerator,https://www.partselect.com/Models/25363752304/
PS429868,25363754300,Kenmore,Refrigerator,https://www.partselect.com/Models/25363754300/
PS429868,25363754302,Kenmore,Refrigerator,https://www.partselect.com/Models/25363754302/
PS429868,25363754304,Kenmore,Refrigerator,https://www.partselect.com/Models/25363754304/
PS429868,25363762300,Kenmore,Refrigerator,https://www.partselect.com/Models/25363762300/
PS429868,25363762302,Kenmore,Refrigerator,https://www.partselect.com/Models/25363762302/
PS429868,25363762304,Kenmore,Refrigerator,https://www.partselect.com/Models/25363762304/
PS429868,25363764300,Kenmore,Refrigerator,https://www.partselect.com/Models/25363764300/
PS429868,25363764302,Kenmore,Refrigerator,https://www.partselect.com/Models/25363764302/
PS429868,25363764304,Kenmore,Refrigerator,https://www.partselect.com/Models/25363764304/
PS429868,25364830400,Kenmore,Refrigerator,https://www.partselect.com/Models/25364830400/
PS429868,25364830402,Kenmore,Refrigerator,https://www.partselect.com/Models/25364830402/
PS429868,25364830404,Kenmore,Refrigerator,https://www.partselect.com/Models/25364830404/
PS429868,25364832400,Kenmore,Refrigerator,https://www.partselect.com/Models/25364832400/
PS429868,25364832404,Kenmore,Refrigerator,https://www.partselect.com/Models/25364832404/
PS429868,25364832406,Kenmore,Refrigerator,https://www.partselect.com/Models/25364832406/
PS429868,25364833400,Kenmore,Refrigerator,https://www.partselect.com/Models/25364833400/
PS429868,25364833402,Kenmore,Refrigerator,https://www.partselect.com/Models/25364833402/
PS429868,25364833404,Kenmore,Refrigerator,https://www.partselect.com/Models/25364833404/
PS429868,25364833406,Kenmore,Refrigerator,https://www.partselect.com/Models/25364833406/
PS429868,25364834400,Kenmore,Refrigerator,https://www.partselect.com/Models/25364834400/
PS429868,25364834404,Kenmore,Refrigerator,https://www.partselect.com/Models/25364834404/
PS429868,25364834406,Kenmore,Refrigerator,https://www.partselect.com/Models/25364834406/
PS429868,25364842400,Kenmore,Refrigerator,https://www.partselect.com/Models/25364842400/
PS429868,25364842404,Kenmore,Refrigerator,https://www.partselect.com/Models/25364842404/
PS429868,25364842406,Kenmore,Refrigerator,https://www.partselect.com/Models/25364842406/
PS429868,25364843400,Kenmore,Refrigerator,https://www.partselect.com/Models/25364843400/
PS429868,25364843402,Kenmore,Refrigerator,https://www.partselect.com/Models/25364843402/
PS429868,25364843404,Kenmore,Refrigerator,https://www.partselect.com/Models/25364843404/
PS429868,25364844400,Kenmore,Refrigerator,https://www.partselect.com/Models/25364844400/
PS429868,25364844404,Kenmore,Refrigerator,https://www.partselect.com/Models/25364844404/
PS429868,25364844406,Kenmore,Refrigerator,https://www.partselect.com/Models/25364844406/
PS429868,25367683411,Kenmore,Refrigerator - REFRIGERATOR,https://www.partselect.com/Models/25367683411/
PS429868,25367683412,Kenmore,Refrigerator - REFRIGERATOR,https://www.partselect.com/Models/25367683412/
PS429868,25367683413,Kenmore,Refrigerator - REFRIGERATOR,https://www.partselect.com/Models/25367683413/
PS429868,25368892010,Kenmore,Refrigerator - REFRIGERATOR,https://www.partselect.com/Models/25368892010/
PS429868,25368892012,Kenmore,Refrigerator - REFRIGERATOR,https://www.partselect.com/Models/25368892012/
PS429868,25368892013,Kenmore,Refrigerator - REFRIGERATOR,https://www.partselect.com/Models/25368892013/
PS429868,25368892014,Kenmore,Refrigerator - REFRIGERATOR,https://www.partselect.com/Models/25368892014/
PS429868,25368892015,Kenmore,Refrigerator - REFRIGERATOR,https://www.partselect.com/Models/25368892015/
PS429868,25368893010,Kenmore,Refrigerator - REFRIGERATOR,https://www.partselect.com/Models/25368893010/
PS429868,25368893012,Kenmore,Refrigerator - REFRIGERATOR,https://www.partselect.com/Models/25368893012/
PS429868,25368893013,Kenmore,Refrigerator - REFRIGERATOR,https://www.partselect.com/Models/25368893013/
PS429868,25368893014,Kenmore,Refrigerator - REFRIGERATOR,https://www.partselect.com/Models/25368893014/
PS429868,25368893015,Kenmore,Refrigerator - REFRIGERATOR,https://www.partselect.com/Models/25368893015/
PS429868,25368894010,Kenmore,Refrigerator - REFRIGERATOR,https://www.partselect.com/Models/25368894010/
PS429868,25368894012,Kenmore,Refrigerator - REFRIGERATOR,https://www.partselect.com/Models/25368894012/
PS429868,25368894013,Kenmore,Refrigerator - REFRIGERATOR,https://www.partselect.com/Models/25368894013/
PS429868,25368894014,Kenmore,Refrigerator - REFRIGERATOR,https://www.partselect.com/Models/25368894014/
PS429868,25368894015,Kenmore,Refrigerator - REFRIGERATOR,https://www.partselect.com/Models/25368894015/
PS429868,25368896010,Kenmore,Refrigerator - REFRIGERATOR,https://www.partselect.com/Models/25368896010/
PS429868,25368896012,Kenmore,Refrigerator - REFRIGERATOR,https://www.partselect.com/Models/25368896012/
PS429868,25368896013,Kenmore,Refrigerator - REFRIGERATOR,https://www.partselect.com/Models/25368896013/
PS429868,25368899010,Kenmore,Refrigerator - REFRIGERATOR,https://www.partselect.com/Models/25368899010/
PS429868,25368899012,Kenmore,Refrigerator - REFRIGERATOR,https://www.partselect.com/Models/25368899012/
PS429868,25368899013,Kenmore,Refrigerator - REFRIGERATOR,https://www.partselect.com/Models/25368899013/
PS429868,25368899014,Kenmore,Refrigerator - REFRIGERATOR,https://www.partselect.com/Models/25368899014/
PS11739091,10641012101,Kenmore,Refrigerator,https://www.partselect.com/Models/10641012101/
PS11739091,10641012104,Kenmore,Refrigerator,https://www.partselect.com/Models/10641012104/
PS11739091,10641014101,Kenmore,Refrigerator,https://www.partselect.com/Models/10641014101/
PS11739091,10641014104,Kenmore,Refrigerator,https://www.partselect.com/Models/10641014104/
PS11739091,10641212101,Kenmore,Refrigerator,https://www.partselect.com/Models/10641212101/
PS11739091,10641214101,Kenmore,Refrigerator,https://www.partselect.com/Models/10641214101/
PS11739091,10641512101,Kenmore,Refrigerator,https://www.partselect.com/Models/10641512101/
PS11739091,10641514100,Kenmore,Refrigerator,https://www.partselect.com/Models/10641514100/
PS11739091,10641514101,Kenmore,Refrigerator,https://www.partselect.com/Models/10641514101/
PS11739091,10641519101,Kenmore,Refrigerator,https://www.partselect.com/Models/10641519101/
PS11739091,10648212500,Kenmore,Refrigerator,https://www.partselect.com/Models/10648212500/
PS11739091,10650029213,Kenmore,Refrigerator - REFRIGERATOR,https://www.partselect.com/Models/10650029213/
PS11739091,10650222010,Kenmore,Refrigerator,https://www.partselect.com/Models/10650222010/
PS11739091,10650512001,Kenmore,Refrigerator,https://www.partselect.com/Models/10650512001/
PS11739091,10650517000,Kenmore,Refrigerator,https://www.partselect.com/Models/10650517000/
PS11739091,10650517001,Kenmore,Refrigerator,https://www.partselect.com/Models/10650517001/
PS11739091,10650517003,Kenmore,Refrigerator,https://www.partselect.com/Models/10650517003/
PS11739091,10651512101,Kenmore,Refrigerator,https://www.partselect.com/Models/10651512101/
PS11739091,10651514101,Kenmore,Refrigerator,https://www.partselect.com/Models/10651514101/
PS11739091,10651522100,Kenmore,Refrigerator,https://www.partselect.com/Models/10651522100/
PS11739091,10651524100,Kenmore,Refrigerator,https://www.partselect.com/Models/10651524100/
PS11739091,10652232101,Kenmore,Refrigerator,https://www.partselect.com/Models/10652232101/
PS11739091,10652234101,Kenmore,Refrigerator,https://www.partselect.com/Models/10652234101/
PS11739091,10652242102,Kenmore,Refrigerator - Side-By-Side Refrigerator,https://www.partselect.com/Models/10652242102/
PS11739091,10652534101,Kenmore,Refrigerator,https://www.partselect.com/Models/10652534101/
PS11739091,10652542100,Kenmore,Refrigerator,https://www.partselect.com/Models/10652542100/
PS11739091,10652542102,Kenmore,Refrigerator,https://www.partselect.com/Models/10652542102/
PS11739091,10652544100,Kenmore,Refrigerator,https://www.partselect.com/Models/10652544100/
PS11739091,10652544102,Kenmore,Refrigerator,https://www.partselect.com/Models/10652544102/
PS11739091,10653282300,Kenmore,Refrigerator,https://www.partselect.com/Models/10653282300/
PS2358880,25344302400,Kenmore,Refrigerator,https://www.partselect.com/Models/25344302400/
PS2358880,25344302401,Kenmore,Refrigerator,https://www.partselect.com/Models/25344302401/
PS2358880,25344303400,Kenmore,Refrigerator,https://www.partselect.com/Models/25344303400/
PS2358880,25344303401,Kenmore,Refrigerator,https://www.partselect.com/Models/25344303401/
PS2358880,25344303402,Kenmore,Refrigerator,https://www.partselect.com/Models/25344303402/
PS2358880,25344303403,Kenmore,Refrigerator,https://www.partselect.com/Models/25344303403/
PS2358880,25344304400,Kenmore,Refrigerator,https://www.partselect.com/Models/25344304400/
PS2358880,25344304401,Kenmore,Refrigerator,https://www.partselect.com/Models/25344304401/
PS2358880,25344309400,Kenmore,Refrigerator,https://www.partselect.com/Models/25344309400/
PS2358880,25344309401,Kenmore,Refrigerator,https://www.partselect.com/Models/25344309401/
PS2358880,25344333600,Kenmore,Refrigerator,https://www.partselect.com/Models/25344333600/
PS2358880,25344333601,Kenmore,Refrigerator,https://www.partselect.com/Models/25344333601/
PS2358880,25344333602,Kenmore,Refrigerator,https://www.partselect.com/Models/25344333602/
PS2358880,25344333603,Kenmore,Refrigerator,https://www.partselect.com/Models/25344333603/
PS2358880,25344333604,Kenmore,Refrigerator,https://www.partselect.com/Models/25344333604/
PS2358880,25344333605,Kenmore,Refrigerator,https://www.partselect.com/Models/25344333605/
PS2358880,25344333606,Kenmore,Refrigerator,https://www.partselect.com/Models/25344333606/
PS2358880,25344333607,Kenmore,Refrigerator,https://www.partselect.com/Models/25344333607/
PS2358880,25344333608,Kenmore,Refrigerator,https://www.partselect.com/Models/25344333608/
PS2358880,25344333609,Kenmore,Refrigerator,https://www.partselect.com/Models/25344333609/
PS2358880,2534433360A,Kenmore,Refrigerator,https://www.partselect.com/Models/2534433360A/
PS2358880,25344352400,Kenmore,Refrigerator,https://www.partselect.com/Models/25344352400/
PS2358880,25344352401,Kenmore,Refrigerator,https://www.partselect.com/Models/25344352401/
PS2358880,25344352403,Kenmore,Refrigerator,https://www.partselect.com/Models/25344352403/
PS2358880,25344352404,Kenmore,Refrigerator,https://www.partselect.com/Models/25344352404/
PS2358880,25344352405,Kenmore,Refrigerator,https://www.partselect.com/Models/25344352405/
PS2358880,25344352406,Kenmore,Refrigerator,https://www.partselect.com/Models/25344352406/
PS2358880,25344352407,Kenmore,Refrigerator,https://www.partselect.com/Models/25344352407/
PS2358880,25344352408,Kenmore,Refrigerator,https://www.partselect.com/Models/25344352408/
PS2358880,25344352409,Kenmore,Refrigerator,https://www.partselect.com/Models/25344352409/
PS11757048,10669312310,Kenmore,Refrigerator - REFRIGERATOR,https://www.partselect.com/Models/10669312310/
PS11757048,10672002010,Kenmore,Refrigerator,https://www.partselect.com/Models/10672002010/
PS11757048,10672002011,Kenmore,Refrigerator - REFRIGERATOR,https://www.partselect.com/Models/10672002011/
PS11757048,10672002013,Kenmore,Refrigerator - REFRIGERATOR,https://www.partselect.com/Models/10672002013/
PS11757048,10672002015,Kenmore,Refrigerator - REFRIGERATOR,https://www.partselect.com/Models/10672002015/
PS11757048,10672003010,Kenmore,Refrigerator - REFRIGERATOR,https://www.partselect.com/Models/10672003010/
PS11757048,10672003011,Kenmore,Refrigerator - REFRIGERATOR,https://www.partselect.com/Models/10672003011/
PS11757048,10672003012,Kenmore,Refrigerator - REFRIGERATOR,https://www.partselect.com/Models/10672003012/
PS11757048,10672003013,Kenmore,Refrigerator - REFRIGERATOR,https://www.partselect.com/Models/10672003013/
PS11757048,10672003014,Kenmore,Refrigerator - REFRIGERATOR,https://www.partselect.com/Models/10672003014/
PS11757048,10672003016,Kenmore,Refrigerator - REFRIGERATOR,https://www.partselect.com/Models/10672003016/
PS11757048,10672003017,Kenmore,Refrigerator - REFRIGERATOR,https://www.partselect.com/Models/10672003017/
PS11757048,10672003018,Kenmore,Refrigerator - REFRIGERATOR,https://www.partselect.com/Models/10672003018/
PS11757048,10672009010,Kenmore,Refrigerator - REFRIGERATOR,https://www.partselect.com/Models/10672009010/
PS11757048,10672009011,Kenmore,Refrigerator - REFRIGERATOR,https://www.partselect.com/Models/10672009011/
PS11757048,10672009013,Kenmore,Refrigerator - REFRIGERATOR,https://www.partselect.com/Models/10672009013/
PS11757048,10672009015,Kenmore,Refrigerator - REFRIGERATOR,https://www.partselect.com/Models/10672009015/
PS11757048,596379243017,Kenmore,Refrigerator - REFRIGERATOR,https://www.partselect.com/Models/596379243017/
PS11757048,596467934251,Kenmore,Refrigerator - REFRIGERATOR,https://www.partselect.com/Models/596467934251/
PS11757048,596467934351,Kenmore,Refrigerator - REFRIGERATOR,https://www.partselect.com/Models/596467934351/
PS11757048,596467934451,Kenmore,Refrigerator - REFRIGERATOR,https://www.partselect.com/Models/596467934451/
PS11757048,596467934951,Kenmore,Refrigerator - REFRIGERATOR,https://www.partselect.com/Models/596467934951/
PS11757048,59662212200,Kenmore,Refrigerator,https://www.partselect.com/Models/59662212200/
PS11757048,59662213200,Kenmore,Refrigerator,https://www.partselect.com/Models/59662213200/
PS11757048,59662214200,Kenmore,Refrigerator,https://www.partselect.com/Models/59662214200/
PS11757048,59662219200,Kenmore,Refrigerator,https://www.partselect.com/Models/59662219200/
PS11757048,59662222200,Amana,Refrigerator,https://www.partselect.com/Models/59662222200/
PS11757048,59662224200,Kenmore,Refrigerator,https://www.partselect.com/Models/59662224200/
PS11757048,59662232200,Amana,Refrigerator,https://www.partselect.com/Models/59662232200/
PS11757048,59662234200,Kenmore,Refrigerator,https://www.partselect.com/Models/59662234200/
